url,,
https://encrypted-tbn0.gstatic.com/shopping?q=tbn:ANd9GcRSGpR1u43KqOn1tKILzWDtGXTlYy9DEnqpSq3v1nZNNegLaSieWS62hiXyc-E4ohLT-rPOG5pZGG5HVMp3KWn_YisjuLvKQmcAFXflQavn&usqp=CAE,Product 1,1000
https://encrypted-tbn0.gstatic.com/shopping?q=tbn:ANd9GcRMLi1fYj7nf6c9O_a-Kwb3eWEJdoO0By3uzQSL9MtrOg61L2QoMoxgtMgRHTegB_tCiZB5nPHroLCNjn-VADo4t0QUr-MY-TfxwYU3izo&usqp=CAE,Product 2,2000
https://encrypted-tbn1.gstatic.com/shopping?q=tbn:ANd9GcSFTHY-kfuwemmoNiyYceyPcsbJ7MPDI1somIOetkf3KFgC4f5nwNHexOZQ1sa1JxhJ0LBI3armJsrlFXVKYB6DrpMhi08p4w&usqp=CAE,Product 3,3000
https://encrypted-tbn3.gstatic.com/shopping?q=tbn:ANd9GcQEnXXsYkS5q5h982_4OuiAVuis6FbtTlNQ7ZxrXcfb9SGw0i5zxZJbpOt6R2wmBvOKTWimSw9IDEMk8GrACxNqCJ2fh78f-yOiKcU334k&usqp=CAE,Product 4,4000
https://encrypted-tbn3.gstatic.com/shopping?q=tbn:ANd9GcTOjJCCtlnFzfmVCLWUv4EpKqEcOva74Hd3MwURcQPRf4kHI_weKTlN1OHdzEfnol_BGheKa4sXuK2cuuuQ6u9JUuqI3CSVNQcpeL4tPvhBjTFEJwZd4sHCjg&usqp=CAE,Product 5,2000
https://encrypted-tbn0.gstatic.com/shopping?q=tbn:ANd9GcRSGpR1u43KqOn1tKILzWDtGXTlYy9DEnqpSq3v1nZNNegLaSieWS62hiXyc-E4ohLT-rPOG5pZGG5HVMp3KWn_YisjuLvKQmcAFXflQavn&usqp=CAE,,
https://encrypted-tbn0.gstatic.com/shopping?q=tbn:ANd9GcQewtnTPzgUD_OeT-AX2EXMH9EhbnOVdY4X570LWUW-P_YsosKYJoa4bVyWmffMh90KzFXYfuS10QAur82N0MsgVx6W4EFAqbaXXJnf8LKI&usqp=CAE,,
https://encrypted-tbn3.gstatic.com/shopping?q=tbn:ANd9GcQoTnrHZc0q8MJYjueAI6J3laWblogPMPNuvWOrt9zDj3QjvziBYTE5ssUJ-MtUONnN-mb8a5Fbi0HOqM1q1PRCoeXlIEipNHW1k2-Xp7t7&usqp=CAE,,
https://encrypted-tbn3.gstatic.com/shopping?q=tbn:ANd9GcTG2i_ZZxw3GFqRncSqHb5eDhny4id056iWK1azUaA1c90siGRUnyQxYiHB-GMO0OSkBmEsN4ySxbJxj76MEzcPNAfDAdQMOCr8Zy700NiP&usqp=CAE,,
https://encrypted-tbn1.gstatic.com/shopping?q=tbn:ANd9GcSPRmka9wKDbQkMmKlyccMVCTHwij9BYgsyg_--wgrSH8qeBW4tTBrc9ioQB5nvZ-nO3Lz1Ch7y1FcVRf_TCOk1ZIvGkcxks4uvrrx-1us&usqp=CAE,,
https://encrypted-tbn0.gstatic.com/shopping?q=tbn:ANd9GcS6kGf8rKUZUiAmk-uRl7TFzlD6Ad7QkIaJinU3r6qBMz6O7AwrvwjgDihXA3yQfpc79nr69oMYL2NV7mw6y5gDiUtEAA6cqtBWUtCOHBkk&usqp=CAE,,
https://encrypted-tbn0.gstatic.com/shopping?q=tbn:ANd9GcQgnX55UABODIsEN0ix0BeJO_tlN0fFFkycM3Ncimx2vYEX_n64JqEvFAWnKGLwxCiNzeuJ-KhhbqTLKDNAU782GtShsuL4bejJKfXhhSJq&usqp=CAE,,
https://encrypted-tbn3.gstatic.com/shopping?q=tbn:ANd9GcRP_W-WLd_Au8EZ3FgfcmEhNIP-ed60YGYrSQazGde4ZXEY7pepvL940OBo1ROE9X8sG0X1pr9ceTdKPMKv7RJy-jZaKOIxVqJOT-FzFeN0AP6jV3HGNmlQww&usqp=CAE,,
https://encrypted-tbn0.gstatic.com/shopping?q=tbn:ANd9GcRMLi1fYj7nf6c9O_a-Kwb3eWEJdoO0By3uzQSL9MtrOg61L2QoMoxgtMgRHTegB_tCiZB5nPHroLCNjn-VADo4t0QUr-MY-TfxwYU3izo&usqp=CAE,,
https://encrypted-tbn3.gstatic.com/shopping?q=tbn:ANd9GcTGbcnQuthKrfZDN_ESncklG5T8_z3BVGf4wxz6my2KycnBfyvRtFNZZBqyh4-6w54aVGbelZDleCYppDgYa13ejVHbpiZXLBnO1uiMeUr2&usqp=CAE,,
https://encrypted-tbn2.gstatic.com/shopping?q=tbn:ANd9GcTgUaQONfZGzS67O-P2UoLcXp0kpvMfimQihmrb0oAVvjb2FDGpe5t4B-so4fo5s37pciW-IQ6q33Xv3mrHGJi2Dto4FSX8dcvFgnqpC_vCm1y3pVgtLlk-&usqp=CAE,,
https://encrypted-tbn3.gstatic.com/shopping?q=tbn:ANd9GcSwHzOP-5uyBFGD65a6CKzAYad7D8Js9v731mihK8p_YVaKlyb7EhxZR0uQh4xQUAYgfV87qYLJ-rSpENGJ4eNmo0meVAjeegzhBphI1iE5eagqEXH2wGKu&usqp=CAE,,
https://encrypted-tbn0.gstatic.com/shopping?q=tbn:ANd9GcT6lV1ctcprpQQBYHzaSvLiINISfy4jDSko2R0je__aFLds2PFI5mtmIE8t95eulQ0Uhj8xy-yKoIVv5EjHTMrY_R3lovStfiY4O_e-S8I&usqp=CAE,,
https://encrypted-tbn0.gstatic.com/shopping?q=tbn:ANd9GcRm7jRktvfq_uek_7FPndDG9bxc7Kwt6uMx1k-MYRoPaeCmJiMzxhaGatEHP8BoiQWKjTD-Xts8-jAjZnoItcFP9i0nVFl_dLv431RVcJW2urbhDoLyPa9g&usqp=CAE,,
https://encrypted-tbn3.gstatic.com/shopping?q=tbn:ANd9GcSMm39oj1Ktdo81W2oBm4tb1kFU8QjKvEc6ob100LLcA18_X6G3G2P-4uWiUFtrqtFSryMBLCi0q076lC7fsDDV-lMVH9WdpBkkMl0ZdlvWHWpHJfoQlWikYg&usqp=CAE,,
https://encrypted-tbn0.gstatic.com/shopping?q=tbn:ANd9GcRrwophOn4HqTJlJ9TypTYepkXEj4YrfOQb7illIcldprCfmFEp3_Ne9lnUej8gMh2UzhunQ8DLzQqtC5Os_qpRCjekzfSmDls-hLhOqSBC&usqp=CAE,,
https://encrypted-tbn2.gstatic.com/shopping?q=tbn:ANd9GcT84LR4z514j6WFZT2A8WXsMsH5VMODWJZRqYbPrgA6FwsirUf0p6AuBRbIUDO5XWBoTMh8bjlez7GzIsuo-HgTaUPLanEREIu1MKX1jKU&usqp=CAE,,
https://encrypted-tbn3.gstatic.com/shopping?q=tbn:ANd9GcQEnXXsYkS5q5h982_4OuiAVuis6FbtTlNQ7ZxrXcfb9SGw0i5zxZJbpOt6R2wmBvOKTWimSw9IDEMk8GrACxNqCJ2fh78f-yOiKcU334k&usqp=CAE,,
https://encrypted-tbn3.gstatic.com/shopping?q=tbn:ANd9GcShT8DkoGPckU6IjnXtNaM-DMQ_dWuP-J7IHCrH3JaOx3u_W1DuJSQFoSvTgJJysAoXvvZKgVcG1K9GeTzWtqn19-igtx-mEM_cCX5MpdvGcMh7cPdoEwqB&usqp=CAE,,
https://encrypted-tbn0.gstatic.com/shopping?q=tbn:ANd9GcTgun1oe1oWDYNYkLKKZ2V29ENFd2RXExByMATqM_azg2Y6KqPpddQJIYguWA4kmAfARJbK6A9okvLQJvUqt2RQE9N2tYxvCTV2fpdUhLuZ&usqp=CAE,,
